site_id,timestamp,latitude,longitude,target_timestamp,ghi_issue,issue_clear_sky_ghi,satellite_ssi_issue,satellite_clear_sky_index_issue,cloud_cover_issue,quality_flag,ghi_lag_1,ghi_lag_2,ghi_lag_3,clear_sky_index_lag_1,clear_sky_index_lag_2,cloud_cover_lag_1,cloud_cover_lag_3,satellite_ssi_lag_1,satellite_ssi_trend,cloud_cover_trend,best_satellite_source,satellite_data_available,irradiance_source_std,number_of_available_irradiance_sources,target_valid_time,GHI_target,target_source,target_quality_level,target_solar_zenith,target_solar_elevation,target_solar_azimuth,target_cos_zenith,target_air_mass,target_GHI_clear,target_DNI_clear,target_DHI_clear,target_cloud_cover_forecast_proxy,target_cloud_cover_low_forecast_proxy,target_cloud_cover_mid_forecast_proxy,target_cloud_cover_high_forecast_proxy,target_temperature_2m_forecast_proxy,target_relative_humidity_2m_forecast_proxy,target_wind_speed_10m_forecast_proxy,target_precipitation_forecast_proxy,GHI_phys_target,horizon_minutes,GHI_persistence_naive,GHI_persistence_csi,GHI_residual_target,operationally_available,operational_status,operational_unavailable_reason,GHI_P10_raw,GHI_P50,GHI_P90_raw,GHI_P10_calibrated,GHI_P90_calibrated,uncertainty_level,DNI_P10_estimated,DHI_P10_estimated,DNI_P50_estimated,DHI_P50_estimated,DNI_P90_estimated,DHI_P90_estimated,dni_dhi_estimation_method,POA_P10,POA_P50,POA_P90,poa_transposition_model,module_temperature,PV_P10,PV_P50,PV_P90,PV_energy_P50,clear_sky_PV_power,PV_state_index,main_limiting_factor,limiting_factor_evidence,primary_satellite_source,weather_forecast_source,fallback_active,data_freshness_minutes,data_quality_level,demo_mode,display_mode
munich_centre,2026-06-13 08:00:00+02:00,48.137,11.575,2026-06-13 08:15:00+02:00,0.0,0.0,0.0,0.0,59.0,live,0.0,0.0,0.0,0.0,0.0,13.0,1.0,0.0,0.0,46.0,nasa_power,False,0.0,2,2026-06-13 08:15:00+02:00,,live_forecast,live_operational_inference,62.90056981957929,27.09943018042071,84.70109243467971,0.45553605384185414,2.1850692060086727,370.1332176873591,603.3036746553535,95.01908622542169,83,66,67,4,17.0,75,18.0,0.0,160.22160526267535,15,0.0,0.0,,False,Not operationally available,High-frequency satellite input required,,,,,,Not operationally available,0.0,0.0,0.0,0.0,0.0,0.0,pvlib_erbs_estimated_from_ghi,0.0,0.0,0.0,isotropic,17.0,0.0,0.0,0.0,0.0,0.3152326946102537,0.0,high cloud variability,"{""cloud_cover_trend"": 46.0}",unavailable,openmeteo,True,75.98022435,fallback,False,Live Forecast
munich_centre,2026-06-13 08:00:00+02:00,48.137,11.575,2026-06-13 08:30:00+02:00,0.0,0.0,0.0,0.0,59.0,live,0.0,0.0,0.0,0.0,0.0,13.0,1.0,0.0,0.0,46.0,nasa_power,False,0.0,2,2026-06-13 08:30:00+02:00,,live_forecast,live_operational_inference,60.40410461221038,29.595895387789618,87.4004443391301,0.4938795755716352,2.0171239428882957,413.0158520476982,632.20135418303,100.51890074487659,83,66,67,4,17.0,75,18.0,0.0,178.7844474686116,30,0.0,0.0,,False,Not operationally available,High-frequency satellite input required,,,,,,Not operationally available,0.0,0.0,0.0,0.0,0.0,0.0,pvlib_erbs_estimated_from_ghi,0.0,0.0,0.0,isotropic,17.0,0.0,0.0,0.0,0.0,0.3498418922900159,0.0,high cloud variability,"{""cloud_cover_trend"": 46.0}",unavailable,openmeteo,True,75.98022435,fallback,False,Live Forecast
munich_centre,2026-06-13 08:00:00+02:00,48.137,11.575,2026-06-13 09:00:00+02:00,0.0,0.0,0.0,0.0,59.0,live,0.0,0.0,0.0,0.0,0.0,13.0,1.0,0.0,0.0,46.0,nasa_power,False,0.0,2,2026-06-13 09:00:00+02:00,,live_forecast,live_operational_inference,55.400806095355385,34.599193904644615,92.99869217779377,0.5678321642764875,1.7564347227608452,496.59000932631125,679.8229603845346,110.3415152015196,60,43,37,1,17.8,74,17.5,0.0,323.49437408507026,60,0.0,0.0,,True,Operational,,0.0,117.72488736673506,203.0571559324034,0.0,203.0571559324034,High,0.0,0.0,134.7602013455481,41.20371057835726,232.44042810473013,71.07000457634118,pvlib_erbs_estimated_from_ghi,0.0,105.6178499093089,182.17439572883154,isotropic,21.100557809665904,0.0,0.09267717834080395,0.15985374609108619,0.09267717834080395,0.41477753974282916,0.22343827584846027,high cloud variability,"{""cloud_cover_trend"": 46.0}",unavailable,openmeteo,True,75.98022435,fallback,False,Live Forecast
munich_centre,2026-06-13 08:00:00+02:00,48.137,11.575,2026-06-13 11:00:00+02:00,0.0,0.0,0.0,0.0,59.0,live,0.0,0.0,0.0,0.0,0.0,13.0,1.0,0.0,0.0,46.0,nasa_power,False,0.0,2,2026-06-13 11:00:00+02:00,,live_forecast,live_operational_inference,36.35222164816792,53.64777835183208,121.31201852590783,0.8053883632570575,1.2404859113673543,769.6466327268062,784.9097408532169,137.39495982373012,83,76,10,0,19.7,68,20.3,0.0,333.1611784291715,180,0.0,0.0,,True,Operational,,0.0,290.2843801474619,584.4931796412445,0.0,584.4931796412445,High,0.0,0.0,234.27808955767998,101.59953305161167,471.7234369148054,204.57261287443555,pvlib_erbs_estimated_from_ghi,0.0,293.61844263722514,591.2063785559584,isotropic,28.875576332413285,0.0,0.2497536114241354,0.502883697683012,0.7492608342724062,0.6150977126773781,0.4060389207708409,high cloud variability,"{""cloud_cover_trend"": 46.0}",unavailable,openmeteo,True,75.98022435,fallback,False,Live Forecast
munich_centre,2026-06-13 08:00:00+02:00,48.137,11.575,2026-06-13 14:00:00+02:00,0.0,0.0,0.0,0.0,59.0,live,0.0,0.0,0.0,0.0,0.0,13.0,1.0,0.0,0.0,46.0,nasa_power,False,0.0,2,2026-06-13 14:00:00+02:00,,live_forecast,live_operational_inference,26.552822671698557,63.44717732830144,204.31957104273476,0.894522618388806,1.1172269564882855,873.1448312753386,812.3302743555817,146.44695267556222,84,63,79,0,23.2,49,23.8,0.0,368.9870437460244,360,0.0,0.0,,True,Operational,,0.0,396.11352292834476,740.094242920285,0.0,740.094242920285,High,0.0,0.0,287.8337390363366,138.63973302492064,537.785460097881,259.0329850220997,pvlib_erbs_estimated_from_ghi,0.0,411.429335587408,768.7101424503518,isotropic,36.0571667371065,0.0,0.3397527629546979,0.6347904055891529,2.0385165777281875,0.6774915487789435,0.501486348526474,high cloud variability,"{""cloud_cover_trend"": 46.0}",unavailable,openmeteo,True,75.98022435,fallback,False,Live Forecast
munich_centre,2026-06-13 08:00:00+02:00,48.137,11.575,2026-06-13 20:00:00+02:00,0.0,0.0,0.0,0.0,59.0,live,0.0,0.0,0.0,0.0,0.0,13.0,1.0,0.0,0.0,46.0,nasa_power,False,0.0,2,2026-06-13 20:00:00+02:00,,live_forecast,live_operational_inference,80.14754928822927,9.85245071177073,293.9688925611334,0.1711115071768456,5.618421520327949,77.42647787005274,231.81402450406435,37.41949743258339,64,7,60,0,22.7,53,12.6,0.0,47.69471036795248,720,0.0,0.0,,True,Operational,,0.0,80.96586068105064,91.89543931909645,0.0,91.89543931909645,Medium,0.0,0.0,94.6352025260014,64.77268854484052,107.41000513088993,73.51635145527716,pvlib_erbs_estimated_from_ghi,0.0,60.37993542887543,68.53062075327009,isotropic,24.586872982152357,0.0,0.05225447268822673,0.059308302087822756,0.6270536722587207,0.06686447964367996,0.781498232943563,low sun angle,"{""target_solar_elevation"": 9.85}",unavailable,openmeteo,True,75.98022435,fallback,False,Live Forecast
munich_centre,2026-06-13 08:00:00+02:00,48.137,11.575,2026-06-14 08:00:00+02:00,0.0,0.0,0.0,0.0,59.0,live,0.0,0.0,0.0,0.0,0.0,13.0,1.0,0.0,0.0,46.0,nasa_power,False,0.0,2,2026-06-14 08:00:00+02:00,,live_forecast,live_operational_inference,65.38506956976767,24.61493043023234,81.96999053564264,0.41651771156669953,2.3870853210919485,326.7521457908147,569.7971973286429,89.11241534142599,77,77,0,0,14.8,77,9.3,0.0,161.16912571805454,1440,0.0,0.0,,True,Operational,,0.0,41.49398481063311,62.99311892407538,0.0,62.99311892407538,High,0.0,0.0,64.75376527317849,14.522894683721585,98.30440858477671,22.047591623426378,pvlib_erbs_estimated_from_ghi,0.0,31.336662149743134,47.57301798058431,isotropic,15.779270692179473,0.0,0.028073476511524885,0.042619089310736685,0.6737634362765973,0.28230142700884375,0.09944503932899149,high cloud variability,"{""cloud_cover_trend"": 46.0}",unavailable,openmeteo,True,75.98022435,fallback,False,Live Forecast
munich_east,2026-06-13 08:00:00+02:00,48.135,11.72,2026-06-13 08:15:00+02:00,0.0,0.0,0.0,,,live,0.0,0.0,0.0,0.0,0.0,,,0.0,0.0,,nasa_power,False,0.0,1,2026-06-13 08:15:00+02:00,,live_forecast,live_operational_inference,62.804388612449586,27.19561138755041,84.80351837989826,0.45702980021541606,2.1780082297844348,369.0352019092073,594.1741620073575,97.19808910324105,83,66,67,4,17.0,75,18.0,0.0,159.74630112305115,15,0.0,0.0,,False,Not operationally available,High-frequency satellite input required,,,,,,Not operationally available,0.0,0.0,0.0,0.0,0.0,0.0,pvlib_erbs_estimated_from_ghi,0.0,0.0,0.0,isotropic,17.0,0.0,0.0,0.0,0.0,0.3143413058451386,0.0,low cloud,"{""cloud_cover_percent"": 83.0, ""low_cloud_percent"": 66.0}",unavailable,openmeteo,True,75.98022435,fallback,False,Live Forecast
munich_east,2026-06-13 08:00:00+02:00,48.135,11.72,2026-06-13 08:30:00+02:00,0.0,0.0,0.0,,,live,0.0,0.0,0.0,0.0,0.0,,,0.0,0.0,,nasa_power,False,0.0,1,2026-06-13 08:30:00+02:00,,live_forecast,live_operational_inference,60.3075192401829,29.692480759817098,87.50484536620115,0.4953446688763951,2.0112144738229008,411.8163257040073,623.2559763926564,102.82920407561255,83,66,67,4,17.0,75,18.0,0.0,178.2652018911899,30,0.0,0.0,,False,Not operationally available,High-frequency satellite input required,,,,,,Not operationally available,0.0,0.0,0.0,0.0,0.0,0.0,pvlib_erbs_estimated_from_ghi,0.0,0.0,0.0,isotropic,17.0,0.0,0.0,0.0,0.0,0.348879193080761,0.0,low cloud,"{""cloud_cover_percent"": 83.0, ""low_cloud_percent"": 66.0}",unavailable,openmeteo,True,75.98022435,fallback,False,Live Forecast
munich_east,2026-06-13 08:00:00+02:00,48.135,11.72,2026-06-13 09:00:00+02:00,0.0,0.0,0.0,,,live,0.0,0.0,0.0,0.0,0.0,,,0.0,0.0,,nasa_power,False,0.0,1,2026-06-13 09:00:00+02:00,,live_forecast,live_operational_inference,55.3040667726876,34.6959332273124,93.10886077688332,0.569221167385787,1.7521787278983554,495.18968863012714,671.2680944810757,112.87037940880168,60,43,37,1,17.8,74,17.5,0.0,322.5821610750965,60,0.0,0.0,,True,Operational,,0.0,88.70294799497046,165.75406352471515,0.0,165.75406352471515,High,0.0,0.0,101.29088568776659,31.046031798239653,189.27641392162857,58.013922233650305,pvlib_erbs_estimated_from_ghi,0.0,79.66325818671338,148.86211852637615,isotropic,20.289476818334794,0.0,0.0701259385113003,0.13104028140520663,0.0701259385113003,0.413682809642186,0.16951620148769433,mid/high cloud,"{""cloud_cover_percent"": 60.0, ""high_cloud_percent"": 1.0, ""mid_cloud_percent"": 37.0}",unavailable,openmeteo,True,75.98022435,fallback,False,Live Forecast
munich_east,2026-06-13 08:00:00+02:00,48.135,11.72,2026-06-13 11:00:00+02:00,0.0,0.0,0.0,,,live,0.0,0.0,0.0,0.0,0.0,,,0.0,0.0,,nasa_power,False,0.0,1,2026-06-13 11:00:00+02:00,,live_forecast,live_operational_inference,36.2685797598052,53.7314202401948,121.48629161370866,0.8062528131695149,1.2391602467742684,767.3864553440726,777.5465727733246,140.39419965215507,83,76,10,0,19.7,68,20.3,0.0,332.1828029926122,180,0.0,0.0,,True,Operational,,0.0,280.6664460120385,570.9402701998641,0.0,570.9402701998641,High,0.0,0.0,226.27293440459397,98.23325610421347,460.2913249642026,199.82909456995242,pvlib_erbs_estimated_from_ghi,0.0,283.96711501977427,577.6545920644597,isotropic,28.573972344367945,0.0,0.24184012540891262,0.4919585811130808,0.7255203762267378,0.6134787086832066,0.3942111143971193,low cloud,"{""cloud_cover_percent"": 83.0, ""low_cloud_percent"": 76.0}",unavailable,openmeteo,True,75.98022435,fallback,False,Live Forecast
munich_east,2026-06-13 08:00:00+02:00,48.135,11.72,2026-06-13 14:00:00+02:00,0.0,0.0,0.0,,,live,0.0,0.0,0.0,0.0,0.0,,,0.0,0.0,,nasa_power,False,0.0,1,2026-06-13 14:00:00+02:00,,live_forecast,live_operational_inference,26.59107496863445,63.40892503136555,204.60533101837495,0.8942239739538002,1.11759906582167,869.4648277564069,805.1025584959054,149.47303997278618,84,63,79,0,23.2,49,23.8,0.0,367.43189095717696,360,0.0,0.0,,True,Operational,,0.0,355.6036479688863,715.7021154143902,0.0,715.7021154143902,High,0.0,0.0,258.4837556499218,124.4612767891102,520.2347382417511,250.49574039503653,pvlib_erbs_estimated_from_ghi,0.0,369.3169118299293,743.3019783816084,isotropic,34.74115349468529,0.0,0.3066566004789022,0.6171893312178249,1.8399396028734132,0.6749817166178509,0.4543183806747755,low cloud,"{""cloud_cover_percent"": 84.0, ""low_cloud_percent"": 63.0}",unavailable,openmeteo,True,75.98022435,fallback,False,Live Forecast
munich_east,2026-06-13 08:00:00+02:00,48.135,11.72,2026-06-13 20:00:00+02:00,0.0,0.0,0.0,,,live,0.0,0.0,0.0,0.0,0.0,,,0.0,0.0,,nasa_power,False,0.0,1,2026-06-13 20:00:00+02:00,,live_forecast,live_operational_inference,80.23675238748781,9.763247612512188,294.070383503632,0.1695773741286848,5.665284269804957,74.6632893972673,218.78748854008745,37.23734134564225,64,7,60,0,22.7,53,12.6,0.0,45.99258626871666,720,0.0,0.0,,True,Operational,,0.0,38.4373966157495,48.402206306297835,0.0,48.402206306297835,Medium,0.0,0.0,45.33316642417289,30.7499172925996,57.08568911978497,38.72176504503827,pvlib_erbs_estimated_from_ghi,0.0,28.664519912356145,36.09573302631934,isotropic,23.59576624726113,0.0,0.024905255032360008,0.03136188707674644,0.2988630603883201,0.06450050806136899,0.3861249435223659,low sun angle,"{""target_solar_elevation"": 9.76}",unavailable,openmeteo,True,75.98022435,fallback,False,Live Forecast
munich_east,2026-06-13 08:00:00+02:00,48.135,11.72,2026-06-14 08:00:00+02:00,0.0,0.0,0.0,,,live,0.0,0.0,0.0,0.0,0.0,,,0.0,0.0,,nasa_power,False,0.0,1,2026-06-14 08:00:00+02:00,,live_forecast,live_operational_inference,65.28951459442312,24.71048540557688,82.0708983807001,0.418033328206212,2.3785489836102385,325.66535242610263,560.1479373214659,91.20251091373217,77,77,0,0,14.8,77,9.3,0.0,160.63306944823904,1440,0.0,0.0,,True,Operational,,0.0,41.49398481063311,62.99311892407538,0.0,62.99311892407538,High,0.0,0.0,64.5189947955703,14.522894683721589,97.9479972956868,22.047591623426378,pvlib_erbs_estimated_from_ghi,0.0,31.415994806368357,47.69345499081994,isotropic,15.781749837699012,0.0,0.028144278838015745,0.04272657620053757,0.6754626921123779,0.28140070341634743,0.10001495552900155,low cloud,"{""cloud_cover_percent"": 77.0, ""low_cloud_percent"": 77.0}",unavailable,openmeteo,True,75.98022435,fallback,False,Live Forecast
munich_north,2026-06-13 08:00:00+02:00,48.22,11.57,2026-06-13 08:15:00+02:00,0.0,0.0,0.0,,,live,0.0,0.0,0.0,0.0,0.0,,,0.0,0.0,,nasa_power,False,0.0,1,2026-06-13 08:15:00+02:00,,live_forecast,live_operational_inference,62.89625239692502,27.103747603074975,84.73982317124728,0.4556031333094602,2.184745711119234,369.5519681598052,601.7988399411124,95.08306684304381,83,66,67,4,17.0,75,18.0,0.0,159.9699965771736,15,0.0,0.0,,False,Not operationally available,High-frequency satellite input required,,,,,,Not operationally available,0.0,0.0,0.0,0.0,0.0,0.0,pvlib_erbs_estimated_from_ghi,0.0,0.0,0.0,isotropic,17.0,0.0,0.0,0.0,0.0,0.3147608583313091,0.0,low cloud,"{""cloud_cover_percent"": 83.0, ""low_cloud_percent"": 66.0}",unavailable,openmeteo,True,75.98022435,fallback,False,Live Forecast
munich_north,2026-06-13 08:00:00+02:00,48.22,11.57,2026-06-13 08:30:00+02:00,0.0,0.0,0.0,,,live,0.0,0.0,0.0,0.0,0.0,,,0.0,0.0,,nasa_power,False,0.0,1,2026-06-13 08:30:00+02:00,,live_forecast,live_operational_inference,60.403702244942906,29.59629775505709,87.44390277408667,0.49388568195226457,2.01709515434411,412.3108046733259,630.6727946894206,100.56493782647965,83,66,67,4,17.0,75,18.0,0.0,178.47924972706875,30,0.0,0.0,,False,Not operationally available,High-frequency satellite input required,,,,,,Not operationally available,0.0,0.0,0.0,0.0,0.0,0.0,pvlib_erbs_estimated_from_ghi,0.0,0.0,0.0,isotropic,17.0,0.0,0.0,0.0,0.0,0.3492760828031222,0.0,low cloud,"{""cloud_cover_percent"": 83.0, ""low_cloud_percent"": 66.0}",unavailable,openmeteo,True,75.98022435,fallback,False,Live Forecast
munich_north,2026-06-13 08:00:00+02:00,48.22,11.57,2026-06-13 09:00:00+02:00,0.0,0.0,0.0,,,live,0.0,0.0,0.0,0.0,0.0,,,0.0,0.0,,nasa_power,False,0.0,1,2026-06-13 09:00:00+02:00,,live_forecast,live_operational_inference,55.408516252465425,34.591483747534575,93.05201701688225,0.5677213905523386,1.7567726015263212,495.6456119953488,678.2771925176061,110.34987828249388,60,43,37,1,17.8,74,17.5,0.0,322.87916391625964,60,0.0,0.0,,True,Operational,,0.0,88.65948850006404,165.75406352471515,0.0,165.75406352471515,High,0.0,0.0,101.50871269615973,31.030820975022408,189.77643450468545,58.013922233650305,pvlib_erbs_estimated_from_ghi,0.0,79.58685668593408,148.7922513656639,isotropic,20.28708927143544,0.0,0.07005934053116257,0.1309800065098907,0.07005934053116257,0.41403928380583765,0.1692094042072024,mid/high cloud,"{""cloud_cover_percent"": 60.0, ""high_cloud_percent"": 1.0, ""mid_cloud_percent"": 37.0}",unavailable,openmeteo,True,75.98022435,fallback,False,Live Forecast
munich_north,2026-06-13 08:00:00+02:00,48.22,11.57,2026-06-13 11:00:00+02:00,0.0,0.0,0.0,,,live,0.0,0.0,0.0,0.0,0.0,,,0.0,0.0,,nasa_power,False,0.0,1,2026-06-13 11:00:00+02:00,,live_forecast,live_operational_inference,36.398261042156484,53.601738957843516,121.40216431681108,0.8049118075688041,1.2412174919441405,767.9409684544978,783.4215657281343,137.26088872066236,83,76,10,0,19.7,68,20.3,0.0,332.4228381379219,180,0.0,0.0,,True,Operational,,0.0,281.80320075813364,557.9650628665197,0.0,557.9650628665197,High,0.0,0.0,227.56788851942548,98.63112026534677,450.58015978009627,195.28777200328187,pvlib_erbs_estimated_from_ghi,0.0,285.2115948035757,564.7136192800829,isotropic,28.612862337611737,0.0,0.2428616510384644,0.48086152330770643,0.7285849531153932,0.6138760181243436,0.3956200337985375,low cloud,"{""cloud_cover_percent"": 83.0, ""low_cloud_percent"": 76.0}",unavailable,openmeteo,True,75.98022435,fallback,False,Live Forecast
munich_north,2026-06-13 08:00:00+02:00,48.22,11.57,2026-06-13 14:00:00+02:00,0.0,0.0,0.0,,,live,0.0,0.0,0.0,0.0,0.0,,,0.0,0.0,,nasa_power,False,0.0,1,2026-06-13 14:00:00+02:00,,live_forecast,live_operational_inference,26.62711253444003,63.37288746555997,204.24158378886858,0.8939422557960917,1.1179501264277747,871.1924465592688,810.8866698161866,146.25618887456733,84,63,79,0,23.2,49,23.8,0.0,368.1619748240848,360,0.0,0.0,,True,Operational,,0.0,361.57471797313974,702.7826619392696,0.0,702.7826619392696,High,0.0,0.0,262.90687699200754,126.55115129059894,511.00474029356474,245.97393167874435,pvlib_erbs_estimated_from_ghi,0.0,375.79209098156866,730.4165720330319,isotropic,34.94350284317402,0.0,0.31177036691806914,0.6059793383915193,1.8706222015084149,0.6761603496730363,0.46108939553883727,low cloud,"{""cloud_cover_percent"": 84.0, ""low_cloud_percent"": 63.0}",unavailable,openmeteo,True,75.98022435,fallback,False,Live Forecast
munich_north,2026-06-13 08:00:00+02:00,48.22,11.57,2026-06-13 20:00:00+02:00,0.0,0.0,0.0,,,live,0.0,0.0,0.0,0.0,0.0,,,0.0,0.0,,nasa_power,False,0.0,1,2026-06-13 20:00:00+02:00,,live_forecast,live_operational_inference,80.11079533995672,9.889204660043282,293.952201138903,0.1717434886174451,5.599226397160172,77.75129614736514,231.70421393337045,37.61721264609464,64,7,60,0,22.7,53,12.6,0.0,47.89479842677692,720,0.0,0.0,,True,Operational,,0.0,38.4373966157495,48.402206306297835,0.0,48.402206306297835,Medium,0.0,0.0,44.761401931653964,30.7499172925996,56.36569595265728,38.72176504503827,pvlib_erbs_estimated_from_ghi,0.0,28.664519912356145,36.09573302631934,isotropic,23.59576624726113,0.0,0.024905255032360008,0.03136188707674644,0.2988630603883201,0.06714226085645937,0.3709326244703602,low sun angle,"{""target_solar_elevation"": 9.89}",unavailable,openmeteo,True,75.98022435,fallback,False,Live Forecast
munich_north,2026-06-13 08:00:00+02:00,48.22,11.57,2026-06-14 08:00:00+02:00,0.0,0.0,0.0,,,live,0.0,0.0,0.0,0.0,0.0,,,0.0,0.0,,nasa_power,False,0.0,1,2026-06-14 08:00:00+02:00,,live_forecast,live_operational_inference,65.37680100650053,24.623198993499464,82.00414363566108,0.4166489067545651,2.3863366255647165,326.3450422786062,568.5225181733963,89.16173740434363,77,77,0,0,14.8,77,9.3,0.0,160.9683236177941,1440,0.0,0.0,,True,Operational,,0.0,41.49398481063311,62.99311892407538,0.0,62.99311892407538,High,0.0,0.0,64.73337548632847,14.522894683721585,98.27345430854265,22.047591623426378,pvlib_erbs_estimated_from_ghi,0.0,31.358382557147678,47.60599230717545,isotropic,15.779949454910867,0.0,0.028092861543661276,0.04264851824218994,0.6742286770478707,0.2819640535281462,0.09963277656191374,low cloud,"{""cloud_cover_percent"": 77.0, ""low_cloud_percent"": 77.0}",unavailable,openmeteo,True,75.98022435,fallback,False,Live Forecast
munich_south,2026-06-13 08:00:00+02:00,48.05,11.58,2026-06-13 08:15:00+02:00,0.0,0.0,0.0,,,live,0.0,0.0,0.0,0.0,0.0,,,0.0,0.0,,nasa_power,False,0.0,1,2026-06-13 08:15:00+02:00,,live_forecast,live_operational_inference,62.90531012665769,27.09468987334231,84.6603282833164,0.4554624010720893,2.1854293881635236,372.6992048100272,611.2310380855382,94.01643860198692,83,66,67,4,17.0,75,18.0,0.0,161.3323582462795,15,0.0,0.0,,False,Not operationally available,High-frequency satellite input required,,,,,,Not operationally available,0.0,0.0,0.0,0.0,0.0,0.0,pvlib_erbs_estimated_from_ghi,0.0,0.0,0.0,isotropic,17.0,0.0,0.0,0.0,0.0,0.31731479326572026,0.0,low cloud,"{""cloud_cover_percent"": 83.0, ""low_cloud_percent"": 66.0}",unavailable,openmeteo,True,75.98022435,fallback,False,Live Forecast
munich_south,2026-06-13 08:00:00+02:00,48.05,11.58,2026-06-13 08:30:00+02:00,0.0,0.0,0.0,,,live,0.0,0.0,0.0,0.0,0.0,,,0.0,0.0,,nasa_power,False,0.0,1,2026-06-13 08:30:00+02:00,,live_forecast,live_operational_inference,60.40474914131182,29.595250858688182,87.35471228397284,0.4938697940591689,2.0171716634497234,415.80509081270606,639.9670005009665,99.47712151278006,83,66,67,4,17.0,75,18.0,0.0,179.99184062068454,30,0.0,0.0,,False,Not operationally available,High-frequency satellite input required,,,,,,Not operationally available,0.0,0.0,0.0,0.0,0.0,0.0,pvlib_erbs_estimated_from_ghi,0.0,0.0,0.0,isotropic,17.0,0.0,0.0,0.0,0.0,0.3520792392700253,0.0,low cloud,"{""cloud_cover_percent"": 83.0, ""low_cloud_percent"": 66.0}",unavailable,openmeteo,True,75.98022435,fallback,False,Live Forecast
munich_south,2026-06-13 08:00:00+02:00,48.05,11.58,2026-06-13 09:00:00+02:00,0.0,0.0,0.0,,,live,0.0,0.0,0.0,0.0,0.0,,,0.0,0.0,,nasa_power,False,0.0,1,2026-06-13 09:00:00+02:00,,live_forecast,live_operational_inference,55.39296211548598,34.60703788451402,92.94258472949639,0.5679448501133192,1.7560935085708227,499.79634641897934,687.252783262609,109.25024396954399,60,43,37,1,17.8,74,17.5,0.0,325.58308306313756,60,0.0,0.0,,True,Operational,,0.0,88.51762161722691,179.15979294190907,0.0,179.15979294190907,High,0.0,0.0,101.30641036663602,30.981167566029413,205.04431968879626,62.70592752966817,pvlib_erbs_estimated_from_ghi,0.0,79.36680755255335,160.63853216779717,isotropic,20.280212736017294,0.0,0.06986752013586071,0.14141196083006116,0.06986752013586071,0.4172825658606848,0.16743455359020892,mid/high cloud,"{""cloud_cover_percent"": 60.0, ""high_cloud_percent"": 1.0, ""mid_cloud_percent"": 37.0}",unavailable,openmeteo,True,75.98022435,fallback,False,Live Forecast
munich_south,2026-06-13 08:00:00+02:00,48.05,11.58,2026-06-13 11:00:00+02:00,0.0,0.0,0.0,,,live,0.0,0.0,0.0,0.0,0.0,,,0.0,0.0,,nasa_power,False,0.0,1,2026-06-13 11:00:00+02:00,,live_forecast,live_operational_inference,36.30421331730731,53.69578668269269,121.21695907719453,0.8058847456347833,1.2397252275403972,774.107155087436,791.3124715380699,136.30596311474756,83,76,10,0,19.7,68,20.3,0.0,335.0920293195497,180,0.0,0.0,,True,Operational,,0.0,279.44900829286496,557.9650628665197,0.0,557.9650628665197,High,0.0,0.0,225.39433383527526,97.80715290250274,450.03617803630516,195.28777200328187,pvlib_erbs_estimated_from_ghi,0.0,282.4801699006118,564.017266405752,isotropic,28.52750530939412,0.0,0.24061913456035966,0.48043495076982373,0.721857403681079,0.6182896240776333,0.389168967406361,low cloud,"{""cloud_cover_percent"": 83.0, ""low_cloud_percent"": 76.0}",unavailable,openmeteo,True,75.98022435,fallback,False,Live Forecast
munich_south,2026-06-13 08:00:00+02:00,48.05,11.58,2026-06-13 14:00:00+02:00,0.0,0.0,0.0,,,live,0.0,0.0,0.0,0.0,0.0,,,0.0,0.0,,nasa_power,False,0.0,1,2026-06-13 14:00:00+02:00,,live_forecast,live_operational_inference,26.47494296337134,63.52505703662866,204.40132531825338,0.8951294107186977,1.116472023969498,878.0182595360751,818.3960173335349,145.39801488244348,84,63,79,0,23.2,49,23.8,0.0,371.04653241551694,360,0.0,0.0,,True,Operational,,0.0,355.6036479688863,715.7021154143902,0.0,715.7021154143902,High,0.0,0.0,258.2222954714362,124.4612767891102,519.7085130359422,250.4957403950366,pvlib_erbs_estimated_from_ghi,0.0,369.1091891476181,742.8839074084932,isotropic,34.73466216086307,0.0,0.3064924017679646,0.6168588583291535,1.8389544106077875,0.680810817307585,0.4501873266057313,low cloud,"{""cloud_cover_percent"": 84.0, ""low_cloud_percent"": 63.0}",unavailable,openmeteo,True,75.98022435,fallback,False,Live Forecast
munich_south,2026-06-13 08:00:00+02:00,48.05,11.58,2026-06-13 20:00:00+02:00,0.0,0.0,0.0,,,live,0.0,0.0,0.0,0.0,0.0,,,0.0,0.0,,nasa_power,False,0.0,1,2026-06-13 20:00:00+02:00,,live_forecast,live_operational_inference,80.18595589053245,9.814044109467542,293.9861600579987,0.1704510332442478,5.638722402121153,78.00722588144389,238.07304108407834,37.077684392517334,64,7,60,0,22.7,53,12.6,0.0,48.05245114296943,720,0.0,0.0,,True,Operational,,0.0,38.4373966157495,48.678001837254605,0.0,48.678001837254605,Medium,0.0,0.0,45.10080799647677,30.7499172925996,57.11669904341556,38.942401469803684,pvlib_erbs_estimated_from_ghi,0.0,28.664519912356145,36.30140633369443,isotropic,23.59576624726113,0.0,0.024905255032360008,0.031540586953429796,0.2988630603883201,0.06736111325136433,0.36972748564032343,low sun angle,"{""target_solar_elevation"": 9.81}",unavailable,openmeteo,True,75.98022435,fallback,False,Live Forecast
munich_south,2026-06-13 08:00:00+02:00,48.05,11.58,2026-06-14 08:00:00+02:00,0.0,0.0,0.0,,,live,0.0,0.0,0.0,0.0,0.0,,,0.0,0.0,,nasa_power,False,0.0,1,2026-06-14 08:00:00+02:00,,live_forecast,live_operational_inference,65.39394325818503,24.60605674181497,81.93403504825113,0.41637690536217214,2.387896190966168,329.0827604824789,577.8617134387974,88.16236203295156,77,77,0,0,14.8,77,9.3,0.0,162.31869164158374,1440,0.0,0.0,,True,Operational,,0.0,41.49398481063311,62.99311892407538,0.0,62.99311892407538,High,0.0,0.0,64.77566305809296,14.522894683721585,98.33765219287041,22.047591623426378,pvlib_erbs_estimated_from_ghi,0.0,31.313742769521475,47.53822346155804,isotropic,15.778554461547547,0.0,0.028053021309470044,0.04258803572594513,0.6732725114272811,0.2842321572325307,0.09869756322652765,low cloud,"{""cloud_cover_percent"": 77.0, ""low_cloud_percent"": 77.0}",unavailable,openmeteo,True,75.98022435,fallback,False,Live Forecast
munich_west,2026-06-13 08:00:00+02:00,48.14,11.4,2026-06-13 08:15:00+02:00,0.0,0.0,0.0,,,live,0.0,0.0,0.0,0.0,0.0,,,0.0,0.0,,nasa_power,False,0.0,1,2026-06-13 08:15:00+02:00,,live_forecast,live_operational_inference,63.01656415228933,26.983435847710673,84.57785358292438,0.4537328916803697,2.193656365004226,369.89057058507024,608.0685073909993,93.69868283943168,83,66,67,4,17.0,75,18.0,0.0,160.11656927459526,15,0.0,0.0,,False,Not operationally available,High-frequency satellite input required,,,,,,Not operationally available,0.0,0.0,0.0,0.0,0.0,0.0,pvlib_erbs_estimated_from_ghi,0.0,0.0,0.0,isotropic,17.0,0.0,0.0,0.0,0.0,0.3150357317865998,0.0,low cloud,"{""cloud_cover_percent"": 83.0, ""low_cloud_percent"": 66.0}",unavailable,openmeteo,True,75.98022435,fallback,False,Live Forecast
munich_west,2026-06-13 08:00:00+02:00,48.14,11.4,2026-06-13 08:30:00+02:00,0.0,0.0,0.0,,,live,0.0,0.0,0.0,0.0,0.0,,,0.0,0.0,,nasa_power,False,0.0,1,2026-06-13 08:30:00+02:00,,live_forecast,live_operational_inference,60.52062475096879,29.47937524903121,87.27488353421307,0.4921102264304636,2.02430888888821,412.8655476994321,636.9514934487694,99.14635301532786,83,66,67,4,17.0,75,18.0,0.0,178.71938439724605,30,0.0,0.0,,False,Not operationally available,High-frequency satellite input required,,,,,,Not operationally available,0.0,0.0,0.0,0.0,0.0,0.0,pvlib_erbs_estimated_from_ghi,0.0,0.0,0.0,isotropic,17.0,0.0,0.0,0.0,0.0,0.34972128014357085,0.0,low cloud,"{""cloud_cover_percent"": 83.0, ""low_cloud_percent"": 66.0}",unavailable,openmeteo,True,75.98022435,fallback,False,Live Forecast
munich_west,2026-06-13 08:00:00+02:00,48.14,11.4,2026-06-13 09:00:00+02:00,0.0,0.0,0.0,,,live,0.0,0.0,0.0,0.0,0.0,,,0.0,0.0,,nasa_power,False,0.0,1,2026-06-13 09:00:00+02:00,,live_forecast,live_operational_inference,55.517592555230344,34.482407444769656,92.86630877200787,0.5661531639204941,1.7616080748328171,496.64149153726953,684.4946889776984,108.88695414988626,60,43,37,1,17.8,74,17.5,0.0,323.52791121891846,60,0.0,0.0,,True,Operational,,0.0,88.65948850006404,165.75406352471515,0.0,165.75406352471515,High,0.0,0.0,101.7898886689513,31.030820975022408,190.3021093178859,58.013922233650305,pvlib_erbs_estimated_from_ghi,0.0,79.44150106497068,148.52050058931215,isotropic,20.282546908280334,0.0,0.06993263285355733,0.1307431191468102,0.06993263285355734,0.4148177789698538,0.1685863923846899,mid/high cloud,"{""cloud_cover_percent"": 60.0, ""high_cloud_percent"": 1.0, ""mid_cloud_percent"": 37.0}",unavailable,openmeteo,True,75.98022435,fallback,False,Live Forecast
munich_west,2026-06-13 08:00:00+02:00,48.14,11.4,2026-06-13 11:00:00+02:00,0.0,0.0,0.0,,,live,0.0,0.0,0.0,0.0,0.0,,,0.0,0.0,,nasa_power,False,0.0,1,2026-06-13 11:00:00+02:00,,live_forecast,live_operational_inference,36.45366366236829,53.54633633763171,121.10309630058896,0.8043376437597831,1.2421012679817882,770.7034523526227,789.2162011639629,135.81166564710827,83,76,10,0,19.7,68,20.3,0.0,333.61864976335596,180,0.0,0.0,,True,Operational,,0.0,281.80320075813364,557.9650628665197,0.0,557.9650628665197,High,0.0,0.0,227.7303342866936,98.63112026534677,450.9017993587181,195.28777200328187,pvlib_erbs_estimated_from_ghi,0.0,284.947032821279,564.1897915070585,isotropic,28.604594775664967,0.0,0.24264451452489152,0.4804315970750718,0.7279335435746747,0.6158543521901473,0.39399658971635254,low cloud,"{""cloud_cover_percent"": 83.0, ""low_cloud_percent"": 76.0}",unavailable,openmeteo,True,75.98022435,fallback,False,Live Forecast
munich_west,2026-06-13 08:00:00+02:00,48.14,11.4,2026-06-13 14:00:00+02:00,0.0,0.0,0.0,,,live,0.0,0.0,0.0,0.0,0.0,,,0.0,0.0,,nasa_power,False,0.0,1,2026-06-13 14:00:00+02:00,,live_forecast,live_operational_inference,26.507785888874118,63.49221411112588,203.9733160838092,0.8948737197879737,1.1167898943651982,875.9279655666595,816.787635460728,144.95606490798514,84,63,79,0,23.2,49,23.8,0.0,370.16318366888544,360,0.0,0.0,,True,Operational,,0.0,355.6036479688863,715.7021154143902,0.0,715.7021154143902,High,0.0,0.0,258.29607694205356,124.4612767891102,519.8570085727592,250.4957403950366,pvlib_erbs_estimated_from_ghi,0.0,369.39796992702566,743.4651191477245,isotropic,34.74368656021955,0.0,0.30672067200816183,0.617318284138558,1.840324032048971,0.6793877564447223,0.45146629314200465,low cloud,"{""cloud_cover_percent"": 84.0, ""low_cloud_percent"": 63.0}",unavailable,openmeteo,True,75.98022435,fallback,False,Live Forecast
munich_west,2026-06-13 08:00:00+02:00,48.14,11.4,2026-06-13 20:00:00+02:00,0.0,0.0,0.0,,,live,0.0,0.0,0.0,0.0,0.0,,,0.0,0.0,,nasa_power,False,0.0,1,2026-06-13 20:00:00+02:00,,live_forecast,live_operational_inference,80.03956957996942,9.960430420030569,293.8463479453922,0.1729680089170174,5.562753929352145,79.90219242936486,241.54612507056555,37.77124946704846,64,7,60,0,22.7,53,12.6,0.0,49.21975053648875,720,0.0,0.0,,True,Operational,,0.0,41.142238802096514,49.9207430426298,0.0,49.9207430426298,Medium,0.0,0.0,47.57207885977895,32.913791041677214,57.722515689684094,39.936594434103846,pvlib_erbs_estimated_from_ghi,0.0,30.681644107457235,37.22817513605361,isotropic,23.65880137835804,0.0,0.026651155526729645,0.03233770270107998,0.3198138663207557,0.0689811098878117,0.3863544029673354,low sun angle,"{""target_solar_elevation"": 9.96}",unavailable,openmeteo,True,75.98022435,fallback,False,Live Forecast
munich_west,2026-06-13 08:00:00+02:00,48.14,11.4,2026-06-14 08:00:00+02:00,0.0,0.0,0.0,,,live,0.0,0.0,0.0,0.0,0.0,,,0.0,0.0,,nasa_power,False,0.0,1,2026-06-14 08:00:00+02:00,,live_forecast,live_operational_inference,65.50027007493159,24.499729925068408,81.84852580788288,0.4146889533701164,2.397470351278283,326.42355189849917,574.5421693538854,87.85404343167536,77,77,0,0,14.8,77,9.3,0.0,161.0070481585863,1440,0.0,0.0,,True,Operational,,0.0,41.49398481063311,62.99311892407538,0.0,62.99311892407538,High,0.0,0.0,65.03932624132237,14.522894683721589,98.73792626471166,22.047591623426378,pvlib_erbs_estimated_from_ghi,0.0,31.240258219610528,47.42666461724005,isotropic,15.77625806936283,0.0,0.02798743668906281,0.042488469974143815,0.6716984805375075,0.2820291185477122,0.0992359825580494,low cloud,"{""cloud_cover_percent"": 77.0, ""low_cloud_percent"": 77.0}",unavailable,openmeteo,True,75.98022435,fallback,False,Live Forecast
